valor,data_pagamento,data_vencimento,descricao,situacao
53.2,10/10/2022,10/10/2023,Teste daniel junior COUTINHO,PENDING
512.2,10/10/2022,10/10/2023,Teste daniel junior,PAID
502.2,10/10/2022,10/10/2023,Teste daniel junior aqui,PAID
509.0,10/10/2022,10/10/2023,Teste daniel junior aqui,PAID
509.0,10/10/2022,10/10/2023,Teste daniel junior aqui,PAID
509.0,10/10/2022,10/10/2023,Teste daniel junior deb,PAID
509.0,10/10/2022,10/10/2023,Teste daniel junior de2,PAID
509.0,10/10/2022,10/10/2023,Teste daniel junior de2,PAID
509.0,10/10/2022,10/10/2023,Teste daniel junior de2,PAID
509.0,10/10/2022,10/10/2023,Teste daniel junior de2,PAID
509.0,10/10/2022,10/10/2023,Teste daniel junior de2,PAID
509.0,10/10/2022,10/10/2023,Teste daniel junior de2,PAID
509.0,10/10/2022,10/10/2023,Teste daniel junior de2,PAID
509.0,10/10/2022,10/10/2023,Teste daniel junior de2,PAID
509.0,10/10/2022,10/10/2023,Teste daniel junior de2,PAID
509.0,10/10/2022,10/10/2023,Teste daniel junior de2,PAID
509.0,10/10/2022,10/10/2023,Teste daniel junior de2,PAID
509.0,10/10/2022,10/10/2023,Teste daniel junior de2,PAID
509.0,10/10/2022,10/10/2023,Teste daniel junior de2,PAID
509.0,10/10/2022,10/10/2023,Teste daniel junior de2,PAID
